<?xml version="1.0" encoding="UTF-8"?><?xml-stylesheet type='text/xsl' href='_UpgradeReport_Files/UpgradeReport.xslt'?><UpgradeLog>
<Properties><Property Name="Solution" Value="TeaPot">
</Property><Property Name="Solution File" Value="C:\Users\kkatingari\Downloads\teapot demo app\TeaPot.sln">
</Property><Property Name="User Options File" Value="C:\Users\kkatingari\Downloads\teapot demo app\TeaPot.suo">
</Property><Property Name="Date" Value="Wednesday, February 08, 2012">
</Property><Property Name="Time" Value="17:48 PM">
</Property></Properties><Event ErrorLevel="0" Project="" Source="TeaPot.sln" Description="File successfully backed up as C:\Users\kkatingari\Downloads\teapot demo app\TeaPot.sln.old">
</Event><Event ErrorLevel="0" Project="" Source="TeaPot.suo" Description="File successfully backed up as C:\Users\kkatingari\Downloads\teapot demo app\TeaPot.suo.old">
</Event><Event ErrorLevel="0" Project="TeaPot" Source="TeaPot.vcproj" Description="Converting project file 'C:\Users\kkatingari\Downloads\teapot demo app\TeaPot.vcproj'.">
</Event><Event ErrorLevel="1" Project="TeaPot" Source="TeaPot.vcproj" Description="This application has been updated to include settings related to the User Account Control (UAC) feature of Windows Vista. By default, when run on Windows Vista with UAC enabled, this application is marked to run with the same privileges as the process that launched it. This marking also disables the application from running with virtualization. You can change UAC related settings from the Property Pages of the project.">
</Event><Event ErrorLevel="1" Project="TeaPot" Source="TeaPot.vcproj" Description="VCWebServiceProxyGeneratorTool is no longer supported. The tool has been removed from your project settings.">
</Event><Event ErrorLevel="1" Project="TeaPot" Source="TeaPot.vcproj" Description="Attribute 'Detect64BitPortabilityProblems' of 'VCCLCompilerTool' is not supported in this version and has been removed during conversion.">
</Event><Event ErrorLevel="0" Project="TeaPot" Source="TeaPot.vcproj" Description="Web deployment to the local IIS server is no longer supported. The Web Deployment build tool has been removed from your project settings.">
</Event><Event ErrorLevel="1" Project="TeaPot" Source="TeaPot.vcproj" Description="Attribute 'Detect64BitPortabilityProblems' of 'VCCLCompilerTool' is not supported in this version and has been removed during conversion.">
</Event><Event ErrorLevel="0" Project="TeaPot" Source="TeaPot.vcproj" Description="Done converting to new project file 'C:\Users\kkatingari\Downloads\teapot demo app\TeaPot.vcxproj'.">
</Event><Event ErrorLevel="3" Project="TeaPot" Source="TeaPot.vcproj" Description="Converted">
</Event><Event ErrorLevel="0" Project="" Source="TeaPot.sln" Description="Solution converted successfully">
</Event><Event ErrorLevel="3" Project="" Source="TeaPot.sln" Description="Converted">
</Event></UpgradeLog>